account_name,date,value
00XX_E_MPCP_US,2012-01-01,3.2
00XX_E_MPCP_US,2012-02-01,3.8
00XX_E_MPCP_US,2012-03-01,2.5
00XX_E_MPCP_US,2012-04-01,3.1
00XX_E_MPCP_US,2012-05-01,4.6
00XX_E_MPCP_US,2012-06-01,2.5
00XX_E_MPCP_US,2012-07-01,2.5
00XX_E_MPCP_US,2012-08-01,3.2
00XX_E_MPCP_US,2012-09-01,3.0
00XX_E_MPCP_US,2012-10-01,4.2
00XX_E_MPCP_US,2012-11-01,4.0
00XX_E_MPCP_US,2012-12-01,3.3
00XX_E_MPCP_US,2013-01-01,4.1
00XX_E_MPCP_US,2013-02-01,4.1
00XX_E_MPCP_US,2013-03-01,3.6
00XX_E_MPCP_US,2013-04-01,6.2
00XX_E_MPCP_US,2013-05-01,2.5
00XX_E_MPCP_US,2013-06-01,3.0
00XX_E_MPCP_US,2013-07-01,2.4
00XX_E_MPCP_US,2013-08-01,3.3
00XX_E_MPCP_US,2013-09-01,5.6
00XX_E_MPCP_US,2013-10-01,3.2
00XX_E_MPCP_US,2013-11-01,4.3
00XX_E_MPCP_US,2013-12-01,3.8
00XX_E_MPCP_US,2014-01-01,4.4
00XX_E_MPCP_US,2014-02-01,4.7
00XX_E_MPCP_US,2014-03-01,3.7
00XX_E_MPCP_US,2014-04-01,4.2
00XX_E_MPCP_US,2014-05-01,3.4
00XX_E_MPCP_US,2014-06-01,11.8
00XX_E_MPCP_US,2014-07-01,5.1
00XX_E_MPCP_US,2014-08-01,4.6
00XX_E_MPCP_US,2014-09-01,6.2
00XX_E_MPCP_US,2014-10-01,4.4
00XX_E_MPCP_US,2014-11-01,3.2
00XX_E_MPCP_US,2014-12-01,3.9
00XX_E_MPCP_US,2015-01-01,3.9
00XX_E_MPCP_US,2015-02-01,3.0
00XX_E_MPCP_US,2015-03-01,5.7
00XX_E_MPCT_US,2012-01-01,3.2
00XX_E_MPCT_US,2012-02-01,3.8
00XX_E_MPCT_US,2012-03-01,2.5
00XX_E_MPCT_US,2012-04-01,3.1
00XX_E_MPCT_US,2012-05-01,4.6
00XX_E_MPCT_US,2012-06-01,2.5
00XX_E_MPCT_US,2012-07-01,2.5
00XX_E_MPCT_US,2012-08-01,3.2
00XX_E_MPCT_US,2012-09-01,3.0
00XX_E_MPCT_US,2012-10-01,4.2
00XX_E_MPCT_US,2012-11-01,4.0
00XX_E_MPCT_US,2012-12-01,3.3
00XX_E_MPCT_US,2013-01-01,4.1
00XX_E_MPCT_US,2013-02-01,4.1
00XX_E_MPCT_US,2013-03-01,3.6
00XX_E_MPCT_US,2013-04-01,6.2
00XX_E_MPCT_US,2013-05-01,2.5
00XX_E_MPCT_US,2013-06-01,3.0
00XX_E_MPCT_US,2013-07-01,2.4
00XX_E_MPCT_US,2013-08-01,3.3
00XX_E_MPCT_US,2013-09-01,5.6
00XX_E_MPCT_US,2013-10-01,3.2
00XX_E_MPCT_US,2013-11-01,4.3
00XX_E_MPCT_US,2013-12-01,3.8
00XX_E_MPCT_US,2014-01-01,4.4
00XX_E_MPCT_US,2014-02-01,4.7
00XX_E_MPCT_US,2014-03-01,3.7
00XX_E_MPCT_US,2014-04-01,4.2
00XX_E_MPCT_US,2014-05-01,3.4
00XX_E_MPCT_US,2014-06-01,11.8
00XX_E_MPCT_US,2014-07-01,5.1
00XX_E_MPCT_US,2014-08-01,4.6
00XX_E_MPCT_US,2014-09-01,6.2
00XX_E_MPCT_US,2014-10-01,4.4
00XX_E_MPCT_US,2014-11-01,3.2
00XX_E_MPCT_US,2014-12-01,3.9
00XX_E_MPCT_US,2015-01-01,3.9
00XX_E_MPCT_US,2015-02-01,3.0
00XX_E_MPCT_US,2015-03-01,5.7
00XX_E_MPCV_US,2012-01-01,0.8
00XX_E_MPCV_US,2012-02-01,0.8
00XX_E_MPCV_US,2012-03-01,0.8
00XX_E_MPCV_US,2012-04-01,0.8
00XX_E_MPCV_US,2012-05-01,0.8
00XX_E_MPCV_US,2012-06-01,0.8
00XX_E_MPCV_US,2012-07-01,0.8
00XX_E_MPCV_US,2012-08-01,0.8
00XX_E_MPCV_US,2012-09-01,0.8
00XX_E_MPCV_US,2012-10-01,0.8
00XX_E_MPCV_US,2012-11-01,0.8
00XX_E_MPCV_US,2012-12-01,0.8
00XX_E_MPCV_US,2013-01-01,0.8
00XX_E_MPCV_US,2013-02-01,0.8
00XX_E_MPCV_US,2013-03-01,0.8
00XX_E_MPCV_US,2013-04-01,0.8
00XX_E_MPCV_US,2013-05-01,0.8
00XX_E_MPCV_US,2013-06-01,0.8
00XX_E_MPCV_US,2013-07-01,0.8
00XX_E_MPCV_US,2013-08-01,0.8
00XX_E_MPCV_US,2013-09-01,0.8
00XX_E_MPCV_US,2013-10-01,0.8
00XX_E_MPCV_US,2013-11-01,0.8
00XX_E_MPCV_US,2013-12-01,0.8
00XX_E_MPCV_US,2014-01-01,0.8
00XX_E_MPCV_US,2014-02-01,0.8
00XX_E_MPCV_US,2014-03-01,0.8
00XX_E_MPCV_US,2014-04-01,0.8
00XX_E_MPCV_US,2014-05-01,0.8
00XX_E_MPCV_US,2014-06-01,0.8
00XX_E_MPCV_US,2014-07-01,0.8
00XX_E_MPCV_US,2014-08-01,0.8
00XX_E_MPCV_US,2014-09-01,0.8
00XX_E_MPCV_US,2014-10-01,0.8
00XX_E_MPCV_US,2014-11-01,0.8
00XX_E_MPCV_US,2014-12-01,0.8
00XX_E_MPCV_US,2015-01-01,0.8
00XX_E_MPCV_US,2015-02-01,0.8
00XX_E_MPCV_US,2015-03-01,0.8
00XX_E_P_US,2012-01-01,3.9
00XX_E_P_US,2012-02-01,4.0
00XX_E_P_US,2012-03-01,4.0
00XX_E_P_US,2012-04-01,4.0
00XX_E_P_US,2012-05-01,4.0
00XX_E_P_US,2012-06-01,3.9
00XX_E_P_US,2012-07-01,3.9
00XX_E_P_US,2012-08-01,3.9
00XX_E_P_US,2012-09-01,3.9
00XX_E_P_US,2012-10-01,3.9
00XX_E_P_US,2012-11-01,3.9
00XX_E_P_US,2012-12-01,4.0
00XX_E_P_US,2013-01-01,4.1
00XX_E_P_US,2013-02-01,4.4
00XX_E_P_US,2013-03-01,4.5
00XX_E_P_US,2013-04-01,4.7
00XX_E_P_US,2013-05-01,5.0
00XX_E_P_US,2013-06-01,5.2
00XX_E_P_US,2013-07-01,5.5
00XX_E_P_US,2013-08-01,5.8
00XX_E_P_US,2013-09-01,5.9
00XX_E_P_US,2013-10-01,5.8
00XX_E_P_US,2013-11-01,5.9
00XX_E_P_US,2013-12-01,5.9
00XX_E_P_US,2014-01-01,5.7
00XX_E_P_US,2014-02-01,5.5
00XX_E_P_US,2014-03-01,5.5
00XX_E_P_US,2014-04-01,5.3
00XX_E_P_US,2014-05-01,5.2
00XX_E_P_US,2014-06-01,5.6
00XX_E_P_US,2014-07-01,5.5
00XX_E_P_US,2014-08-01,5.4
00XX_E_P_US,2014-09-01,5.5
00XX_E_P_US,2014-10-01,5.7
00XX_E_P_US,2014-11-01,5.6
00XX_E_P_US,2014-12-01,5.6
00XX_E_P_US,2015-01-01,5.7
00XX_E_P_US,2015-02-01,5.7
00XX_E_P_US,2015-03-01,5.7
00XX_E_T_US,2012-01-01,3.9
00XX_E_T_US,2012-02-01,4.0
00XX_E_T_US,2012-03-01,4.0
00XX_E_T_US,2012-04-01,4.0
00XX_E_T_US,2012-05-01,4.0
00XX_E_T_US,2012-06-01,3.9
00XX_E_T_US,2012-07-01,3.9
00XX_E_T_US,2012-08-01,3.9
00XX_E_T_US,2012-09-01,3.9
00XX_E_T_US,2012-10-01,3.9
00XX_E_T_US,2012-11-01,3.9
00XX_E_T_US,2012-12-01,4.0
00XX_E_T_US,2013-01-01,4.1
00XX_E_T_US,2013-02-01,4.4
00XX_E_T_US,2013-03-01,4.5
00XX_E_T_US,2013-04-01,4.7
00XX_E_T_US,2013-05-01,5.0
00XX_E_T_US,2013-06-01,5.2
00XX_E_T_US,2013-07-01,5.5
00XX_E_T_US,2013-08-01,5.8
00XX_E_T_US,2013-09-01,5.9
00XX_E_T_US,2013-10-01,5.8
00XX_E_T_US,2013-11-01,5.9
00XX_E_T_US,2013-12-01,5.9
00XX_E_T_US,2014-01-01,5.7
00XX_E_T_US,2014-02-01,5.5
00XX_E_T_US,2014-03-01,5.5
00XX_E_T_US,2014-04-01,5.3
00XX_E_T_US,2014-05-01,5.2
00XX_E_T_US,2014-06-01,5.5
00XX_E_T_US,2014-07-01,5.5
00XX_E_T_US,2014-08-01,5.4
00XX_E_T_US,2014-09-01,5.5
00XX_E_T_US,2014-10-01,5.7
00XX_E_T_US,2014-11-01,5.6
00XX_E_T_US,2014-12-01,5.6
00XX_E_T_US,2015-01-01,5.7
00XX_E_T_US,2015-02-01,5.7
00XX_E_T_US,2015-03-01,5.7
00XX_E_V_US,2012-01-01,5.0
00XX_E_V_US,2012-02-01,5.0
00XX_E_V_US,2012-03-01,5.0
00XX_E_V_US,2012-04-01,5.0
00XX_E_V_US,2012-05-01,5.0
00XX_E_V_US,2012-06-01,5.0
00XX_E_V_US,2012-07-01,5.0
00XX_E_V_US,2012-08-01,5.0
00XX_E_V_US,2012-09-01,5.0
00XX_E_V_US,2012-10-01,5.0
00XX_E_V_US,2012-11-01,5.0
00XX_E_V_US,2012-12-01,5.0
00XX_E_V_US,2013-01-01,5.0
00XX_E_V_US,2013-02-01,5.0
00XX_E_V_US,2013-03-01,5.0
00XX_E_V_US,2013-04-01,5.0
00XX_E_V_US,2013-05-01,5.0
00XX_E_V_US,2013-06-01,5.0
00XX_E_V_US,2013-07-01,5.0
00XX_E_V_US,2013-08-01,5.0
00XX_E_V_US,2013-09-01,5.0
00XX_E_V_US,2013-10-01,5.0
00XX_E_V_US,2013-11-01,5.0
00XX_E_V_US,2013-12-01,5.0
00XX_E_V_US,2014-01-01,5.0
00XX_E_V_US,2014-02-01,5.0
00XX_E_V_US,2014-03-01,5.0
00XX_E_V_US,2014-04-01,5.0
00XX_E_V_US,2014-05-01,5.0
00XX_E_V_US,2014-06-01,5.0
00XX_E_V_US,2014-07-01,5.0
00XX_E_V_US,2014-08-01,5.0
00XX_E_V_US,2014-09-01,5.0
00XX_E_V_US,2014-10-01,5.0
00XX_E_V_US,2014-11-01,5.0
00XX_E_V_US,2014-12-01,5.0
00XX_E_V_US,2015-01-01,5.0
00XX_E_V_US,2015-02-01,5.0
00XX_E_V_US,2015-03-01,5.0
00XX_P_US,2012-01-01,510.0
00XX_P_US,2012-02-01,486.0
00XX_P_US,2012-03-01,474.0
00XX_P_US,2012-04-01,530.0
00XX_P_US,2012-05-01,514.0
00XX_P_US,2012-06-01,562.0
00XX_P_US,2012-07-01,536.0
00XX_P_US,2012-08-01,563.0
00XX_P_US,2012-09-01,565.0
00XX_P_US,2012-10-01,530.0
00XX_P_US,2012-11-01,524.0
00XX_P_US,2012-12-01,480.0
00XX_P_US,2013-01-01,425.0
00XX_P_US,2013-02-01,395.0
00XX_P_US,2013-03-01,484.0
00XX_P_US,2013-04-01,517.0
00XX_P_US,2013-05-01,535.0
00XX_P_US,2013-06-01,539.0
00XX_P_US,2013-07-01,527.0
00XX_P_US,2013-08-01,530.0
00XX_P_US,2013-09-01,506.0
00XX_P_US,2013-10-01,483.0
00XX_P_US,2013-11-01,473.0
00XX_P_US,2013-12-01,424.0
00XX_P_US,2014-01-01,349.0
00XX_P_US,2014-02-01,350.0
00XX_P_US,2014-03-01,360.0
00XX_P_US,2014-04-01,394.0
00XX_P_US,2014-05-01,409.0
00XX_P_US,2014-06-01,464.0
00XX_P_US,2014-07-01,451.0
00XX_P_US,2014-08-01,454.0
00XX_P_US,2014-09-01,500.0
00XX_P_US,2014-10-01,456.0
00XX_P_US,2014-11-01,441.0
00XX_P_US,2014-12-01,440.0
00XX_P_US,2015-01-01,416.0
00XX_P_US,2015-02-01,420.0
00XX_P_US,2015-03-01,481.0
00XX_T_US,2012-01-01,16898.0
00XX_T_US,2012-02-01,16703.0
00XX_T_US,2012-03-01,19303.0
00XX_T_US,2012-04-01,21737.0
00XX_T_US,2012-05-01,23122.0
00XX_T_US,2012-06-01,25077.0
00XX_T_US,2012-07-01,25812.0
00XX_T_US,2012-08-01,26935.0
00XX_T_US,2012-09-01,26501.0
00XX_T_US,2012-10-01,27771.0
00XX_T_US,2012-11-01,24338.0
00XX_T_US,2012-12-01,21860.0
00XX_T_US,2013-01-01,20401.0
00XX_T_US,2013-02-01,20279.0
00XX_T_US,2013-03-01,23883.0
00XX_T_US,2013-04-01,26333.0
00XX_T_US,2013-05-01,27976.0
00XX_T_US,2013-06-01,29795.0
00XX_T_US,2013-07-01,30732.0
00XX_T_US,2013-08-01,31565.0
00XX_T_US,2013-09-01,31120.0
00XX_T_US,2013-10-01,32103.0
00XX_T_US,2013-11-01,28767.0
00XX_T_US,2013-12-01,26264.0
00XX_T_US,2014-01-01,24487.0
00XX_T_US,2014-02-01,23867.0
00XX_T_US,2014-03-01,28360.0
00XX_T_US,2014-04-01,31002.0
00XX_T_US,2014-05-01,32678.0
00XX_T_US,2014-06-01,34143.0
00XX_T_US,2014-07-01,34539.0
00XX_T_US,2014-08-01,34510.0
00XX_T_US,2014-09-01,34604.0
00XX_T_US,2014-10-01,35218.0
00XX_T_US,2014-11-01,32033.0
00XX_T_US,2014-12-01,29418.0
00XX_T_US,2015-01-01,27167.0
00XX_T_US,2015-02-01,27329.0
00XX_T_US,2015-03-01,32097.0
00XX_V_US,2012-01-01,16389.0
00XX_V_US,2012-02-01,16218.0
00XX_V_US,2012-03-01,18829.0
00XX_V_US,2012-04-01,21207.0
00XX_V_US,2012-05-01,22608.0
00XX_V_US,2012-06-01,24515.0
00XX_V_US,2012-07-01,25276.0
00XX_V_US,2012-08-01,26371.0
00XX_V_US,2012-09-01,25937.0
00XX_V_US,2012-10-01,27241.0
00XX_V_US,2012-11-01,23814.0
00XX_V_US,2012-12-01,21380.0
00XX_V_US,2013-01-01,19977.0
00XX_V_US,2013-02-01,19884.0
00XX_V_US,2013-03-01,23399.0
00XX_V_US,2013-04-01,25816.0
00XX_V_US,2013-05-01,27441.0
00XX_V_US,2013-06-01,29256.0
00XX_V_US,2013-07-01,30205.0
00XX_V_US,2013-08-01,31034.0
00XX_V_US,2013-09-01,30614.0
00XX_V_US,2013-10-01,31620.0
00XX_V_US,2013-11-01,28295.0
00XX_V_US,2013-12-01,25840.0
00XX_V_US,2014-01-01,24138.0
00XX_V_US,2014-02-01,23517.0
00XX_V_US,2014-03-01,28000.0
00XX_V_US,2014-04-01,30608.0
00XX_V_US,2014-05-01,32269.0
00XX_V_US,2014-06-01,33679.0
00XX_V_US,2014-07-01,34088.0
00XX_V_US,2014-08-01,34057.0
00XX_V_US,2014-09-01,34104.0
00XX_V_US,2014-10-01,34762.0
00XX_V_US,2014-11-01,31592.0
00XX_V_US,2014-12-01,28978.0
00XX_V_US,2015-01-01,26751.0
00XX_V_US,2015-02-01,26909.0
00XX_V_US,2015-03-01,31616.0
01XX_E_MPCT_US,2012-01-01,1.4
01XX_E_MPCT_US,2012-02-01,2.3
01XX_E_MPCT_US,2012-03-01,1.4
01XX_E_MPCT_US,2012-04-01,1.9
01XX_E_MPCT_US,2012-05-01,1.9
01XX_E_MPCT_US,2012-06-01,1.6
01XX_E_MPCT_US,2012-07-01,2.1
01XX_E_MPCT_US,2012-08-01,2.2
01XX_E_MPCT_US,2012-09-01,1.6
01XX_E_MPCT_US,2012-10-01,2.0
01XX_E_MPCT_US,2012-11-01,2.0
01XX_E_MPCT_US,2012-12-01,1.7
01XX_E_MPCT_US,2013-01-01,2.2
01XX_E_MPCT_US,2013-02-01,1.7
01XX_E_MPCT_US,2013-03-01,1.8
01XX_E_MPCT_US,2013-04-01,1.5
01XX_E_MPCT_US,2013-05-01,1.5
01XX_E_MPCT_US,2013-06-01,2.9
01XX_E_MPCT_US,2013-07-01,2.0
01XX_E_MPCT_US,2013-08-01,1.6
01XX_E_MPCT_US,2013-09-01,1.8
01XX_E_MPCT_US,2013-10-01,2.5
01XX_E_MPCT_US,2013-11-01,1.7
01XX_E_MPCT_US,2013-12-01,1.3
01XX_E_MPCT_US,2014-01-01,2.3
01XX_E_MPCT_US,2014-02-01,1.9
01XX_E_MPCT_US,2014-03-01,2.8
01XX_E_MPCT_US,2014-04-01,3.3
01XX_E_MPCT_US,2014-05-01,1.7
01XX_E_MPCT_US,2014-06-01,2.6
01XX_E_MPCT_US,2014-07-01,1.5
01XX_E_MPCT_US,2014-08-01,1.4
01XX_E_MPCT_US,2014-09-01,1.5
01XX_E_MPCT_US,2014-10-01,1.4
01XX_E_MPCT_US,2014-11-01,1.4
01XX_E_MPCT_US,2014-12-01,1.6
01XX_E_MPCT_US,2015-01-01,1.3
01XX_E_MPCT_US,2015-02-01,1.8
01XX_E_MPCT_US,2015-03-01,1.8
01XX_E_MPCV_US,2012-01-01,1.4
01XX_E_MPCV_US,2012-02-01,2.3
01XX_E_MPCV_US,2012-03-01,1.3
01XX_E_MPCV_US,2012-04-01,1.9
01XX_E_MPCV_US,2012-05-01,1.9
01XX_E_MPCV_US,2012-06-01,1.7
01XX_E_MPCV_US,2012-07-01,2.2
01XX_E_MPCV_US,2012-08-01,2.3
01XX_E_MPCV_US,2012-09-01,1.7
01XX_E_MPCV_US,2012-10-01,2.1
01XX_E_MPCV_US,2012-11-01,2.0
01XX_E_MPCV_US,2012-12-01,1.8
01XX_E_MPCV_US,2013-01-01,2.3
01XX_E_MPCV_US,2013-02-01,1.7
01XX_E_MPCV_US,2013-03-01,1.8
01XX_E_MPCV_US,2013-04-01,1.6
01XX_E_MPCV_US,2013-05-01,1.5
01XX_E_MPCV_US,2013-06-01,2.7
01XX_E_MPCV_US,2013-07-01,2.1
01XX_E_MPCV_US,2013-08-01,1.6
01XX_E_MPCV_US,2013-09-01,1.8
01XX_E_MPCV_US,2013-10-01,2.6
01XX_E_MPCV_US,2013-11-01,1.7
01XX_E_MPCV_US,2013-12-01,1.3
01XX_E_MPCV_US,2014-01-01,2.4
01XX_E_MPCV_US,2014-02-01,1.9
01XX_E_MPCV_US,2014-03-01,2.8
01XX_E_MPCV_US,2014-04-01,3.4
01XX_E_MPCV_US,2014-05-01,1.7
01XX_E_MPCV_US,2014-06-01,2.6
01XX_E_MPCV_US,2014-07-01,1.5
01XX_E_MPCV_US,2014-08-01,1.4
01XX_E_MPCV_US,2014-09-01,1.5
01XX_E_MPCV_US,2014-10-01,1.4
01XX_E_MPCV_US,2014-11-01,1.4
01XX_E_MPCV_US,2014-12-01,1.7
01XX_E_MPCV_US,2015-01-01,1.3
01XX_E_MPCV_US,2015-02-01,1.8
01XX_E_MPCV_US,2015-03-01,1.9
01XX_E_T_US,2012-01-01,4.4
01XX_E_T_US,2012-02-01,4.2
01XX_E_T_US,2012-03-01,3.9
01XX_E_T_US,2012-04-01,3.7
01XX_E_T_US,2012-05-01,3.5
01XX_E_T_US,2012-06-01,3.3
01XX_E_T_US,2012-07-01,3.1
01XX_E_T_US,2012-08-01,3.0
01XX_E_T_US,2012-09-01,2.9
01XX_E_T_US,2012-10-01,2.8
01XX_E_T_US,2012-11-01,2.8
01XX_E_T_US,2012-12-01,2.8
01XX_E_T_US,2013-01-01,2.8
01XX_E_T_US,2013-02-01,2.8
01XX_E_T_US,2013-03-01,2.9
01XX_E_T_US,2013-04-01,2.9
01XX_E_T_US,2013-05-01,2.9
01XX_E_T_US,2013-06-01,2.9
01XX_E_T_US,2013-07-01,2.9
01XX_E_T_US,2013-08-01,3.0
01XX_E_T_US,2013-09-01,3.0
01XX_E_T_US,2013-10-01,3.1
01XX_E_T_US,2013-11-01,3.2
01XX_E_T_US,2013-12-01,3.2
01XX_E_T_US,2014-01-01,3.4
01XX_E_T_US,2014-02-01,3.6
01XX_E_T_US,2014-03-01,3.6
01XX_E_T_US,2014-04-01,3.7
01XX_E_T_US,2014-05-01,3.7
01XX_E_T_US,2014-06-01,3.7
01XX_E_T_US,2014-07-01,3.7
01XX_E_T_US,2014-08-01,3.6
01XX_E_T_US,2014-09-01,3.6
01XX_E_T_US,2014-10-01,3.5
01XX_E_T_US,2014-11-01,3.3
01XX_E_T_US,2014-12-01,3.2
01XX_E_T_US,2015-01-01,3.0
01XX_E_T_US,2015-02-01,2.7
01XX_E_T_US,2015-03-01,2.6
01XX_E_V_US,2012-01-01,4.6
01XX_E_V_US,2012-02-01,4.4
01XX_E_V_US,2012-03-01,4.1
01XX_E_V_US,2012-04-01,3.8
01XX_E_V_US,2012-05-01,3.6
01XX_E_V_US,2012-06-01,3.4
01XX_E_V_US,2012-07-01,3.2
01XX_E_V_US,2012-08-01,3.1
01XX_E_V_US,2012-09-01,3.0
01XX_E_V_US,2012-10-01,2.9
01XX_E_V_US,2012-11-01,2.9
01XX_E_V_US,2012-12-01,2.9
01XX_E_V_US,2013-01-01,2.9
01XX_E_V_US,2013-02-01,2.9
01XX_E_V_US,2013-03-01,2.9
01XX_E_V_US,2013-04-01,3.0
01XX_E_V_US,2013-05-01,2.9
01XX_E_V_US,2013-06-01,3.0
01XX_E_V_US,2013-07-01,2.9
01XX_E_V_US,2013-08-01,2.9
01XX_E_V_US,2013-09-01,3.0
01XX_E_V_US,2013-10-01,3.0
01XX_E_V_US,2013-11-01,3.1
01XX_E_V_US,2013-12-01,3.2
01XX_E_V_US,2014-01-01,3.3
01XX_E_V_US,2014-02-01,3.5
01XX_E_V_US,2014-03-01,3.6
01XX_E_V_US,2014-04-01,3.7
01XX_E_V_US,2014-05-01,3.7
01XX_E_V_US,2014-06-01,3.7
01XX_E_V_US,2014-07-01,3.7
01XX_E_V_US,2014-08-01,3.7
01XX_E_V_US,2014-09-01,3.7
01XX_E_V_US,2014-10-01,3.5
01XX_E_V_US,2014-11-01,3.4
01XX_E_V_US,2014-12-01,3.2
01XX_E_V_US,2015-01-01,3.0
01XX_E_V_US,2015-02-01,2.8
01XX_E_V_US,2015-03-01,2.6
01XX_T_US,2012-01-01,776.0
01XX_T_US,2012-02-01,792.0
01XX_T_US,2012-03-01,886.0
01XX_T_US,2012-04-01,901.0
01XX_T_US,2012-05-01,909.0
01XX_T_US,2012-06-01,890.0
01XX_T_US,2012-07-01,925.0
01XX_T_US,2012-08-01,937.0
01XX_T_US,2012-09-01,901.0
01XX_T_US,2012-10-01,986.0
01XX_T_US,2012-11-01,934.0
01XX_T_US,2012-12-01,999.0
01XX_T_US,2013-01-01,954.0
01XX_T_US,2013-02-01,1014.0
01XX_T_US,2013-03-01,1045.0
01XX_T_US,2013-04-01,1070.0
01XX_T_US,2013-05-01,1115.0
01XX_T_US,2013-06-01,1090.0
01XX_T_US,2013-07-01,1134.0
01XX_T_US,2013-08-01,1182.0
01XX_T_US,2013-09-01,1181.0
01XX_T_US,2013-10-01,1246.0
01XX_T_US,2013-11-01,1266.0
01XX_T_US,2013-12-01,1189.0
01XX_T_US,2014-01-01,1180.0
01XX_T_US,2014-02-01,1265.0
01XX_T_US,2014-03-01,1262.0
01XX_T_US,2014-04-01,1299.0
01XX_T_US,2014-05-01,1300.0
01XX_T_US,2014-06-01,1308.0
01XX_T_US,2014-07-01,1416.0
01XX_T_US,2014-08-01,1428.0
01XX_T_US,2014-09-01,1491.0
01XX_T_US,2014-10-01,1630.0
01XX_T_US,2014-11-01,1581.0
01XX_T_US,2014-12-01,1577.0
01XX_T_US,2015-01-01,1477.0
01XX_T_US,2015-02-01,1521.0
01XX_T_US,2015-03-01,1601.0
01XX_V_US,2012-01-01,729.0
01XX_V_US,2012-02-01,737.0
01XX_V_US,2012-03-01,816.0
01XX_V_US,2012-04-01,844.0
01XX_V_US,2012-05-01,853.0
01XX_V_US,2012-06-01,824.0
01XX_V_US,2012-07-01,862.0
01XX_V_US,2012-08-01,874.0
01XX_V_US,2012-09-01,853.0
01XX_V_US,2012-10-01,941.0
01XX_V_US,2012-11-01,899.0
01XX_V_US,2012-12-01,966.0
01XX_V_US,2013-01-01,915.0
01XX_V_US,2013-02-01,978.0
01XX_V_US,2013-03-01,1015.0
01XX_V_US,2013-04-01,1039.0
01XX_V_US,2013-05-01,1087.0
01XX_V_US,2013-06-01,1044.0
01XX_V_US,2013-07-01,1087.0
01XX_V_US,2013-08-01,1131.0
01XX_V_US,2013-09-01,1138.0
01XX_V_US,2013-10-01,1207.0
01XX_V_US,2013-11-01,1231.0
01XX_V_US,2013-12-01,1157.0
01XX_V_US,2014-01-01,1150.0
01XX_V_US,2014-02-01,1236.0
01XX_V_US,2014-03-01,1230.0
01XX_V_US,2014-04-01,1268.0
01XX_V_US,2014-05-01,1275.0
01XX_V_US,2014-06-01,1277.0
01XX_V_US,2014-07-01,1372.0
01XX_V_US,2014-08-01,1381.0
01XX_V_US,2014-09-01,1446.0
01XX_V_US,2014-10-01,1586.0
01XX_V_US,2014-11-01,1547.0
01XX_V_US,2014-12-01,1537.0
01XX_V_US,2015-01-01,1432.0
01XX_V_US,2015-02-01,1479.0
01XX_V_US,2015-03-01,1558.0
02XX_E_MPCP_US,2012-01-01,1.8
02XX_E_MPCP_US,2012-02-01,2.5
02XX_E_MPCP_US,2012-03-01,2.5
02XX_E_MPCP_US,2012-04-01,2.7
02XX_E_MPCP_US,2012-05-01,2.1
02XX_E_MPCP_US,2012-06-01,2.1
02XX_E_MPCP_US,2012-07-01,2.0
02XX_E_MPCP_US,2012-08-01,2.0
02XX_E_MPCP_US,2012-09-01,2.7
02XX_E_MPCP_US,2012-10-01,2.7
02XX_E_MPCP_US,2012-11-01,2.9
02XX_E_MPCP_US,2012-12-01,3.6
02XX_E_MPCP_US,2013-01-01,1.9
02XX_E_MPCP_US,2013-02-01,2.1
02XX_E_MPCP_US,2013-03-01,2.2
02XX_E_MPCP_US,2013-04-01,2.4
02XX_E_MPCP_US,2013-05-01,2.0
02XX_E_MPCP_US,2013-06-01,3.3
02XX_E_MPCP_US,2013-07-01,2.5
02XX_E_MPCP_US,2013-08-01,3.3
02XX_E_MPCP_US,2013-09-01,3.5
02XX_E_MPCP_US,2013-10-01,8.1
02XX_E_MPCP_US,2013-11-01,2.5
02XX_E_MPCP_US,2013-12-01,1.9
02XX_E_MPCP_US,2014-01-01,2.4
02XX_E_MPCP_US,2014-02-01,2.7
02XX_E_MPCP_US,2014-03-01,2.6
02XX_E_MPCP_US,2014-04-01,2.9
02XX_E_MPCP_US,2014-05-01,2.5
02XX_E_MPCP_US,2014-06-01,2.8
02XX_E_MPCP_US,2014-07-01,2.5
02XX_E_MPCP_US,2014-08-01,3.0
02XX_E_MPCP_US,2014-09-01,2.4
02XX_E_MPCP_US,2014-10-01,3.8
02XX_E_MPCP_US,2014-11-01,2.4
02XX_E_MPCP_US,2014-12-01,3.2
02XX_E_MPCP_US,2015-01-01,2.2
02XX_E_MPCP_US,2015-02-01,3.1
02XX_E_MPCP_US,2015-03-01,2.5
02XX_E_MPCT_US,2012-01-01,2.5
02XX_E_MPCT_US,2012-02-01,1.7
02XX_E_MPCT_US,2012-03-01,2.2
02XX_E_MPCT_US,2012-04-01,3.0
02XX_E_MPCT_US,2012-05-01,3.1
02XX_E_MPCT_US,2012-06-01,3.3
02XX_E_MPCT_US,2012-07-01,2.5
02XX_E_MPCT_US,2012-08-01,1.5
02XX_E_MPCT_US,2012-09-01,1.6
02XX_E_MPCT_US,2012-10-01,1.6
02XX_E_MPCT_US,2012-11-01,1.6
02XX_E_MPCT_US,2012-12-01,2.0
02XX_E_MPCT_US,2013-01-01,1.7
02XX_E_MPCT_US,2013-02-01,1.7
02XX_E_MPCT_US,2013-03-01,1.7
02XX_E_MPCT_US,2013-04-01,1.5
02XX_E_MPCT_US,2013-05-01,1.6
02XX_E_MPCT_US,2013-06-01,1.7
02XX_E_MPCT_US,2013-07-01,1.7
02XX_E_MPCT_US,2013-08-01,2.0
02XX_E_MPCT_US,2013-09-01,1.9
02XX_E_MPCT_US,2013-10-01,2.6
02XX_E_MPCT_US,2013-11-01,1.3
02XX_E_MPCT_US,2013-12-01,1.3
02XX_E_MPCT_US,2014-01-01,2.5
02XX_E_MPCT_US,2014-02-01,1.6
02XX_E_MPCT_US,2014-03-01,1.3
02XX_E_MPCT_US,2014-04-01,1.6
02XX_E_MPCT_US,2014-05-01,1.3
02XX_E_MPCT_US,2014-06-01,1.3
02XX_E_MPCT_US,2014-07-01,1.0
02XX_E_MPCT_US,2014-08-01,1.3
02XX_E_MPCT_US,2014-09-01,1.5
02XX_E_MPCT_US,2014-10-01,1.7
02XX_E_MPCT_US,2014-11-01,1.1
02XX_E_MPCT_US,2014-12-01,1.3
02XX_E_MPCT_US,2015-01-01,1.2
02XX_E_MPCT_US,2015-02-01,1.2
02XX_E_MPCT_US,2015-03-01,1.3
02XX_E_MPCV_US,2012-01-01,3.8
02XX_E_MPCV_US,2012-02-01,2.2
02XX_E_MPCV_US,2012-03-01,3.0
02XX_E_MPCV_US,2012-04-01,4.4
02XX_E_MPCV_US,2012-05-01,4.8
02XX_E_MPCV_US,2012-06-01,5.0
02XX_E_MPCV_US,2012-07-01,3.6
02XX_E_MPCV_US,2012-08-01,2.0
02XX_E_MPCV_US,2012-09-01,1.9
02XX_E_MPCV_US,2012-10-01,1.8
02XX_E_MPCV_US,2012-11-01,1.9
02XX_E_MPCV_US,2012-12-01,2.3
02XX_E_MPCV_US,2013-01-01,2.3
02XX_E_MPCV_US,2013-02-01,2.1
02XX_E_MPCV_US,2013-03-01,2.1
02XX_E_MPCV_US,2013-04-01,1.8
02XX_E_MPCV_US,2013-05-01,2.0
02XX_E_MPCV_US,2013-06-01,2.0
02XX_E_MPCV_US,2013-07-01,2.1
02XX_E_MPCV_US,2013-08-01,2.4
02XX_E_MPCV_US,2013-09-01,2.3
02XX_E_MPCV_US,2013-10-01,2.1
02XX_E_MPCV_US,2013-11-01,1.5
02XX_E_MPCV_US,2013-12-01,1.6
02XX_E_MPCV_US,2014-01-01,3.1
02XX_E_MPCV_US,2014-02-01,1.9
02XX_E_MPCV_US,2014-03-01,1.5
02XX_E_MPCV_US,2014-04-01,1.8
02XX_E_MPCV_US,2014-05-01,1.5
02XX_E_MPCV_US,2014-06-01,1.5
02XX_E_MPCV_US,2014-07-01,1.0
02XX_E_MPCV_US,2014-08-01,1.4
02XX_E_MPCV_US,2014-09-01,1.7
02XX_E_MPCV_US,2014-10-01,1.9
02XX_E_MPCV_US,2014-11-01,1.2
02XX_E_MPCV_US,2014-12-01,1.3
02XX_E_MPCV_US,2015-01-01,1.3
02XX_E_MPCV_US,2015-02-01,1.3
02XX_E_MPCV_US,2015-03-01,1.4
02XX_E_P_US,2012-01-01,2.6
02XX_E_P_US,2012-02-01,2.6
02XX_E_P_US,2012-03-01,2.6
02XX_E_P_US,2012-04-01,2.5
02XX_E_P_US,2012-05-01,2.5
02XX_E_P_US,2012-06-01,2.5
02XX_E_P_US,2012-07-01,2.5
02XX_E_P_US,2012-08-01,2.4
02XX_E_P_US,2012-09-01,2.5
02XX_E_P_US,2012-10-01,2.6
02XX_E_P_US,2012-11-01,2.6
02XX_E_P_US,2012-12-01,2.6
02XX_E_P_US,2013-01-01,2.6
02XX_E_P_US,2013-02-01,2.6
02XX_E_P_US,2013-03-01,2.6
02XX_E_P_US,2013-04-01,2.6
02XX_E_P_US,2013-05-01,2.6
02XX_E_P_US,2013-06-01,2.7
02XX_E_P_US,2013-07-01,2.7
02XX_E_P_US,2013-08-01,2.9
02XX_E_P_US,2013-09-01,2.9
02XX_E_P_US,2013-10-01,3.2
02XX_E_P_US,2013-11-01,3.2
02XX_E_P_US,2013-12-01,3.4
02XX_E_P_US,2014-01-01,3.4
02XX_E_P_US,2014-02-01,3.4
02XX_E_P_US,2014-03-01,3.5
02XX_E_P_US,2014-04-01,3.6
02XX_E_P_US,2014-05-01,3.6
02XX_E_P_US,2014-06-01,3.6
02XX_E_P_US,2014-07-01,3.6
02XX_E_P_US,2014-08-01,3.5
02XX_E_P_US,2014-09-01,3.4
02XX_E_P_US,2014-10-01,3.1
02XX_E_P_US,2014-11-01,3.0
02XX_E_P_US,2014-12-01,3.0
02XX_E_P_US,2015-01-01,2.9
02XX_E_P_US,2015-02-01,3.1
02XX_E_P_US,2015-03-01,3.1
02XX_E_T_US,2012-01-01,2.8
02XX_E_T_US,2012-02-01,2.8
02XX_E_T_US,2012-03-01,2.9
02XX_E_T_US,2012-04-01,3.1
02XX_E_T_US,2012-05-01,3.3
02XX_E_T_US,2012-06-01,3.3
02XX_E_T_US,2012-07-01,3.3
02XX_E_T_US,2012-08-01,3.4
02XX_E_T_US,2012-09-01,3.4
02XX_E_T_US,2012-10-01,3.5
02XX_E_T_US,2012-11-01,3.5
02XX_E_T_US,2012-12-01,3.6
02XX_E_T_US,2013-01-01,3.7
02XX_E_T_US,2013-02-01,3.6
02XX_E_T_US,2013-03-01,3.6
02XX_E_T_US,2013-04-01,3.5
02XX_E_T_US,2013-05-01,3.3
02XX_E_T_US,2013-06-01,3.3
02XX_E_T_US,2013-07-01,3.2
02XX_E_T_US,2013-08-01,3.2
02XX_E_T_US,2013-09-01,3.1
02XX_E_T_US,2013-10-01,3.0
02XX_E_T_US,2013-11-01,2.9
02XX_E_T_US,2013-12-01,2.9
02XX_E_T_US,2014-01-01,2.7
02XX_E_T_US,2014-02-01,2.6
02XX_E_T_US,2014-03-01,2.5
02XX_E_T_US,2014-04-01,2.4
02XX_E_T_US,2014-05-01,2.3
02XX_E_T_US,2014-06-01,2.2
02XX_E_T_US,2014-07-01,2.1
02XX_E_T_US,2014-08-01,2.0
02XX_E_T_US,2014-09-01,1.9
02XX_E_T_US,2014-10-01,1.9
02XX_E_T_US,2014-11-01,1.9
02XX_E_T_US,2014-12-01,1.8
02XX_E_T_US,2015-01-01,1.8
02XX_E_T_US,2015-02-01,1.8
02XX_E_T_US,2015-03-01,1.8
02XX_E_V_US,2012-01-01,4.3
02XX_E_V_US,2012-02-01,4.4
02XX_E_V_US,2012-03-01,4.5
02XX_E_V_US,2012-04-01,4.8
02XX_E_V_US,2012-05-01,5.1
02XX_E_V_US,2012-06-01,5.0
02XX_E_V_US,2012-07-01,5.2
02XX_E_V_US,2012-08-01,5.2
02XX_E_V_US,2012-09-01,5.2
02XX_E_V_US,2012-10-01,5.2
02XX_E_V_US,2012-11-01,5.1
02XX_E_V_US,2012-12-01,5.2
02XX_E_V_US,2013-01-01,5.3
02XX_E_V_US,2013-02-01,5.2
02XX_E_V_US,2013-03-01,5.1
02XX_E_V_US,2013-04-01,4.9
02XX_E_V_US,2013-05-01,4.6
02XX_E_V_US,2013-06-01,4.6
02XX_E_V_US,2013-07-01,4.4
02XX_E_V_US,2013-08-01,4.3
02XX_E_V_US,2013-09-01,4.1
02XX_E_V_US,2013-10-01,3.9
02XX_E_V_US,2013-11-01,3.7
02XX_E_V_US,2013-12-01,3.6
02XX_E_V_US,2014-01-01,3.4
02XX_E_V_US,2014-02-01,3.2
02XX_E_V_US,2014-03-01,3.0
02XX_E_V_US,2014-04-01,2.9
02XX_E_V_US,2014-05-01,2.7
02XX_E_V_US,2014-06-01,2.6
02XX_E_V_US,2014-07-01,2.4
02XX_E_V_US,2014-08-01,2.3
02XX_E_V_US,2014-09-01,2.2
02XX_E_V_US,2014-10-01,2.3
02XX_E_V_US,2014-11-01,2.2
02XX_E_V_US,2014-12-01,2.1
02XX_E_V_US,2015-01-01,2.1
02XX_E_V_US,2015-02-01,2.1
02XX_E_V_US,2015-03-01,2.1
02XX_P_US,2012-01-01,876.0
02XX_P_US,2012-02-01,825.0
02XX_P_US,2012-03-01,918.0
02XX_P_US,2012-04-01,960.0
02XX_P_US,2012-05-01,905.0
02XX_P_US,2012-06-01,919.0
02XX_P_US,2012-07-01,861.0
02XX_P_US,2012-08-01,919.0
02XX_P_US,2012-09-01,880.0
02XX_P_US,2012-10-01,794.0
02XX_P_US,2012-11-01,766.0
02XX_P_US,2012-12-01,732.0
02XX_P_US,2013-01-01,625.0
02XX_P_US,2013-02-01,612.0
02XX_P_US,2013-03-01,595.0
02XX_P_US,2013-04-01,659.0
02XX_P_US,2013-05-01,662.0
02XX_P_US,2013-06-01,724.0
02XX_P_US,2013-07-01,670.0
02XX_P_US,2013-08-01,652.0
02XX_P_US,2013-09-01,700.0
02XX_P_US,2013-10-01,696.0
02XX_P_US,2013-11-01,637.0
02XX_P_US,2013-12-01,615.0
02XX_P_US,2014-01-01,566.0
02XX_P_US,2014-02-01,579.0
02XX_P_US,2014-03-01,629.0
02XX_P_US,2014-04-01,645.0
02XX_P_US,2014-05-01,656.0
02XX_P_US,2014-06-01,675.0
02XX_P_US,2014-07-01,667.0
02XX_P_US,2014-08-01,655.0
02XX_P_US,2014-09-01,711.0
02XX_P_US,2014-10-01,657.0
02XX_P_US,2014-11-01,626.0
02XX_P_US,2014-12-01,653.0
02XX_P_US,2015-01-01,613.0
02XX_P_US,2015-02-01,593.0
02XX_P_US,2015-03-01,620.0
02XX_T_US,2012-01-01,2823.0
02XX_T_US,2012-02-01,2893.0
02XX_T_US,2012-03-01,3072.0
02XX_T_US,2012-04-01,3094.0
02XX_T_US,2012-05-01,3156.0
02XX_T_US,2012-06-01,3190.0
02XX_T_US,2012-07-01,3201.0
02XX_T_US,2012-08-01,3365.0
02XX_T_US,2012-09-01,3433.0
02XX_T_US,2012-10-01,3395.0
02XX_T_US,2012-11-01,3163.0
02XX_T_US,2012-12-01,3015.0
02XX_T_US,2013-01-01,2810.0
02XX_T_US,2013-02-01,2707.0
02XX_T_US,2013-03-01,2859.0
02XX_T_US,2013-04-01,2897.0
02XX_T_US,2013-05-01,3043.0
02XX_T_US,2013-06-01,3121.0
02XX_T_US,2013-07-01,3189.0
02XX_T_US,2013-08-01,3263.0
02XX_T_US,2013-09-01,3514.0
02XX_T_US,2013-10-01,3605.0
02XX_T_US,2013-11-01,3526.0
02XX_T_US,2013-12-01,3445.0
02XX_T_US,2014-01-01,3267.0
02XX_T_US,2014-02-01,3265.0
02XX_T_US,2014-03-01,3446.0
02XX_T_US,2014-04-01,3781.0
02XX_T_US,2014-05-01,3898.0
02XX_T_US,2014-06-01,4058.0
02XX_T_US,2014-07-01,4019.0
02XX_T_US,2014-08-01,4061.0
02XX_T_US,2014-09-01,4342.0
02XX_T_US,2014-10-01,4345.0
02XX_T_US,2014-11-01,4068.0
02XX_T_US,2014-12-01,4034.0
02XX_T_US,2015-01-01,3842.0
02XX_T_US,2015-02-01,3878.0
02XX_T_US,2015-03-01,4173.0
02XX_V_US,2012-01-01,1947.0
02XX_V_US,2012-02-01,2068.0
02XX_V_US,2012-03-01,2154.0
02XX_V_US,2012-04-01,2134.0
02XX_V_US,2012-05-01,2251.0
02XX_V_US,2012-06-01,2271.0
02XX_V_US,2012-07-01,2340.0
02XX_V_US,2012-08-01,2446.0
02XX_V_US,2012-09-01,2553.0
02XX_V_US,2012-10-01,2602.0
02XX_V_US,2012-11-01,2398.0
02XX_V_US,2012-12-01,2283.0
02XX_V_US,2013-01-01,2186.0
02XX_V_US,2013-02-01,2095.0
02XX_V_US,2013-03-01,2264.0
02XX_V_US,2013-04-01,2238.0
02XX_V_US,2013-05-01,2381.0
02XX_V_US,2013-06-01,2398.0
02XX_V_US,2013-07-01,2519.0
02XX_V_US,2013-08-01,2611.0
02XX_V_US,2013-09-01,2814.0
02XX_V_US,2013-10-01,2909.0
02XX_V_US,2013-11-01,2889.0
02XX_V_US,2013-12-01,2830.0
02XX_V_US,2014-01-01,2701.0
02XX_V_US,2014-02-01,2686.0
02XX_V_US,2014-03-01,2817.0
02XX_V_US,2014-04-01,3136.0
02XX_V_US,2014-05-01,3243.0
02XX_V_US,2014-06-01,3383.0
02XX_V_US,2014-07-01,3351.0
02XX_V_US,2014-08-01,3406.0
02XX_V_US,2014-09-01,3632.0
02XX_V_US,2014-10-01,3688.0
02XX_V_US,2014-11-01,3442.0
02XX_V_US,2014-12-01,3381.0
02XX_V_US,2015-01-01,3229.0
02XX_V_US,2015-02-01,3285.0
02XX_V_US,2015-03-01,3553.0
03XX_E_MPCP_US,2012-01-01,3.1
03XX_E_MPCP_US,2012-02-01,2.9
03XX_E_MPCP_US,2012-03-01,3.3
03XX_E_MPCP_US,2012-04-01,2.1
03XX_E_MPCP_US,2012-05-01,6.9
03XX_E_MPCP_US,2012-06-01,6.8
03XX_E_MPCP_US,2012-07-01,5.9
03XX_E_MPCP_US,2012-08-01,6.8
03XX_E_MPCP_US,2012-09-01,2.5
03XX_E_MPCP_US,2012-10-01,15.2
03XX_E_MPCP_US,2012-11-01,10.3
03XX_E_MPCP_US,2012-12-01,4.7
03XX_E_MPCP_US,2013-01-01,6.0
03XX_E_MPCP_US,2013-02-01,8.1
03XX_E_MPCP_US,2013-03-01,8.6
03XX_E_MPCP_US,2013-04-01,4.4
03XX_E_MPCP_US,2013-05-01,10.9
03XX_E_MPCP_US,2013-06-01,4.8
03XX_E_MPCP_US,2013-07-01,5.0
03XX_E_MPCP_US,2013-08-01,6.7
03XX_E_MPCP_US,2013-09-01,3.3
03XX_E_MPCP_US,2013-10-01,5.1
03XX_E_MPCP_US,2013-11-01,10.8
03XX_E_MPCP_US,2013-12-01,7.5
03XX_E_MPCP_US,2014-01-01,3.4
03XX_E_MPCP_US,2014-02-01,5.4
03XX_E_MPCP_US,2014-03-01,4.1
03XX_E_MPCP_US,2014-04-01,6.1
03XX_E_MPCP_US,2014-05-01,4.8
03XX_E_MPCP_US,2014-06-01,19.8
03XX_E_MPCP_US,2014-07-01,2.7
03XX_E_MPCP_US,2014-08-01,7.2
03XX_E_MPCP_US,2014-09-01,5.8
03XX_E_MPCP_US,2014-10-01,4.0
03XX_E_MPCP_US,2014-11-01,5.7
03XX_E_MPCP_US,2014-12-01,8.5
03XX_E_MPCP_US,2015-01-01,5.8
03XX_E_MPCP_US,2015-02-01,7.9
03XX_E_MPCP_US,2015-03-01,7.2
03XX_E_MPCT_US,2012-01-01,2.1
03XX_E_MPCT_US,2012-02-01,2.4
03XX_E_MPCT_US,2012-03-01,1.8
03XX_E_MPCT_US,2012-04-01,2.5
03XX_E_MPCT_US,2012-05-01,2.9
03XX_E_MPCT_US,2012-06-01,2.5
03XX_E_MPCT_US,2012-07-01,2.4
03XX_E_MPCT_US,2012-08-01,2.5
03XX_E_MPCT_US,2012-09-01,2.0
03XX_E_MPCT_US,2012-10-01,3.4
03XX_E_MPCT_US,2012-11-01,2.8
03XX_E_MPCT_US,2012-12-01,2.7
03XX_E_MPCT_US,2013-01-01,2.3
03XX_E_MPCT_US,2013-02-01,2.4
03XX_E_MPCT_US,2013-03-01,2.2
03XX_E_MPCT_US,2013-04-01,2.0
03XX_E_MPCT_US,2013-05-01,2.1
03XX_E_MPCT_US,2013-06-01,1.8
03XX_E_MPCT_US,2013-07-01,2.1
03XX_E_MPCT_US,2013-08-01,2.3
03XX_E_MPCT_US,2013-09-01,1.6
03XX_E_MPCT_US,2013-10-01,1.4
03XX_E_MPCT_US,2013-11-01,2.1
03XX_E_MPCT_US,2013-12-01,1.9
03XX_E_MPCT_US,2014-01-01,1.7
03XX_E_MPCT_US,2014-02-01,2.0
03XX_E_MPCT_US,2014-03-01,1.7
03XX_E_MPCT_US,2014-04-01,1.8
03XX_E_MPCT_US,2014-05-01,1.6
03XX_E_MPCT_US,2014-06-01,2.1
03XX_E_MPCT_US,2014-07-01,1.8
03XX_E_MPCT_US,2014-08-01,2.1
03XX_E_MPCT_US,2014-09-01,1.5
03XX_E_MPCT_US,2014-10-01,1.3
03XX_E_MPCT_US,2014-11-01,1.5
03XX_E_MPCT_US,2014-12-01,1.3
03XX_E_MPCT_US,2015-01-01,1.6
03XX_E_MPCT_US,2015-02-01,1.9
03XX_E_MPCT_US,2015-03-01,1.8
03XX_E_MPCV_US,2012-01-01,2.4
03XX_E_MPCV_US,2012-02-01,2.6
03XX_E_MPCV_US,2012-03-01,2.0
03XX_E_MPCV_US,2012-04-01,2.7
03XX_E_MPCV_US,2012-05-01,3.1
03XX_E_MPCV_US,2012-06-01,2.7
03XX_E_MPCV_US,2012-07-01,2.5
03XX_E_MPCV_US,2012-08-01,2.6
03XX_E_MPCV_US,2012-09-01,2.1
03XX_E_MPCV_US,2012-10-01,3.3
03XX_E_MPCV_US,2012-11-01,2.9
03XX_E_MPCV_US,2012-12-01,2.9
03XX_E_MPCV_US,2013-01-01,2.4
03XX_E_MPCV_US,2013-02-01,2.5
03XX_E_MPCV_US,2013-03-01,2.2
03XX_E_MPCV_US,2013-04-01,2.1
03XX_E_MPCV_US,2013-05-01,2.2
03XX_E_MPCV_US,2013-06-01,1.9
03XX_E_MPCV_US,2013-07-01,2.2
03XX_E_MPCV_US,2013-08-01,2.4
03XX_E_MPCV_US,2013-09-01,1.6
03XX_E_MPCV_US,2013-10-01,1.5
03XX_E_MPCV_US,2013-11-01,2.1
03XX_E_MPCV_US,2013-12-01,2.0
03XX_E_MPCV_US,2014-01-01,1.8
03XX_E_MPCV_US,2014-02-01,2.0
03XX_E_MPCV_US,2014-03-01,1.8
03XX_E_MPCV_US,2014-04-01,1.9
03XX_E_MPCV_US,2014-05-01,1.7
03XX_E_MPCV_US,2014-06-01,2.0
03XX_E_MPCV_US,2014-07-01,1.8
03XX_E_MPCV_US,2014-08-01,2.2
03XX_E_MPCV_US,2014-09-01,1.5
03XX_E_MPCV_US,2014-10-01,1.4
03XX_E_MPCV_US,2014-11-01,1.5
03XX_E_MPCV_US,2014-12-01,1.3
03XX_E_MPCV_US,2015-01-01,1.6
03XX_E_MPCV_US,2015-02-01,1.9
03XX_E_MPCV_US,2015-03-01,1.8
03XX_E_P_US,2012-01-01,7.4
03XX_E_P_US,2012-02-01,7.5
03XX_E_P_US,2012-03-01,7.4
03XX_E_P_US,2012-04-01,6.9
03XX_E_P_US,2012-05-01,6.5
03XX_E_P_US,2012-06-01,6.3
03XX_E_P_US,2012-07-01,6.0
03XX_E_P_US,2012-08-01,5.8
03XX_E_P_US,2012-09-01,5.7
03XX_E_P_US,2012-10-01,6.9
03XX_E_P_US,2012-11-01,7.3
03XX_E_P_US,2012-12-01,7.4
03XX_E_P_US,2013-01-01,8.0
03XX_E_P_US,2013-02-01,8.5
03XX_E_P_US,2013-03-01,9.3
03XX_E_P_US,2013-04-01,10.1
03XX_E_P_US,2013-05-01,10.1
03XX_E_P_US,2013-06-01,10.1
03XX_E_P_US,2013-07-01,10.2
03XX_E_P_US,2013-08-01,10.1
03XX_E_P_US,2013-09-01,10.0
03XX_E_P_US,2013-10-01,8.8
03XX_E_P_US,2013-11-01,8.5
03XX_E_P_US,2013-12-01,8.3
03XX_E_P_US,2014-01-01,7.9
03XX_E_P_US,2014-02-01,7.3
03XX_E_P_US,2014-03-01,6.5
03XX_E_P_US,2014-04-01,5.9
03XX_E_P_US,2014-05-01,5.7
03XX_E_P_US,2014-06-01,5.7
03XX_E_P_US,2014-07-01,5.5
03XX_E_P_US,2014-08-01,5.7
03XX_E_P_US,2014-09-01,6.0
03XX_E_P_US,2014-10-01,6.0
03XX_E_P_US,2014-11-01,6.3
03XX_E_P_US,2014-12-01,6.6
03XX_E_P_US,2015-01-01,6.6
03XX_E_P_US,2015-02-01,6.8
03XX_E_P_US,2015-03-01,7.1
03XX_E_T_US,2012-01-01,3.6
03XX_E_T_US,2012-02-01,3.7
03XX_E_T_US,2012-03-01,3.8
03XX_E_T_US,2012-04-01,3.9
03XX_E_T_US,2012-05-01,3.9
03XX_E_T_US,2012-06-01,3.8
03XX_E_T_US,2012-07-01,3.8
03XX_E_T_US,2012-08-01,3.7
03XX_E_T_US,2012-09-01,3.7
03XX_E_T_US,2012-10-01,3.7
03XX_E_T_US,2012-11-01,3.7
03XX_E_T_US,2012-12-01,3.6
03XX_E_T_US,2013-01-01,3.5
03XX_E_T_US,2013-02-01,3.5
03XX_E_T_US,2013-03-01,3.3
03XX_E_T_US,2013-04-01,3.1
03XX_E_T_US,2013-05-01,3.1
03XX_E_T_US,2013-06-01,3.0
03XX_E_T_US,2013-07-01,3.0
03XX_E_T_US,2013-08-01,3.0
03XX_E_T_US,2013-09-01,2.9
03XX_E_T_US,2013-10-01,2.8
03XX_E_T_US,2013-11-01,2.8
03XX_E_T_US,2013-12-01,2.8
03XX_E_T_US,2014-01-01,2.7
03XX_E_T_US,2014-02-01,2.7
03XX_E_T_US,2014-03-01,2.7
03XX_E_T_US,2014-04-01,2.6
03XX_E_T_US,2014-05-01,2.6
03XX_E_T_US,2014-06-01,2.6
03XX_E_T_US,2014-07-01,2.5
03XX_E_T_US,2014-08-01,2.5
03XX_E_T_US,2014-09-01,2.4
03XX_E_T_US,2014-10-01,2.3
03XX_E_T_US,2014-11-01,2.3
03XX_E_T_US,2014-12-01,2.2
03XX_E_T_US,2015-01-01,2.2
03XX_E_T_US,2015-02-01,2.2
03XX_E_T_US,2015-03-01,2.2
03XX_E_V_US,2012-01-01,4.0
03XX_E_V_US,2012-02-01,4.0
03XX_E_V_US,2012-03-01,4.2
03XX_E_V_US,2012-04-01,4.3
03XX_E_V_US,2012-05-01,4.3
03XX_E_V_US,2012-06-01,4.2
03XX_E_V_US,2012-07-01,4.2
03XX_E_V_US,2012-08-01,4.1
03XX_E_V_US,2012-09-01,4.0
03XX_E_V_US,2012-10-01,4.0
03XX_E_V_US,2012-11-01,4.0
03XX_E_V_US,2012-12-01,3.9
03XX_E_V_US,2013-01-01,3.8
03XX_E_V_US,2013-02-01,3.8
03XX_E_V_US,2013-03-01,3.5
03XX_E_V_US,2013-04-01,3.3
03XX_E_V_US,2013-05-01,3.2
03XX_E_V_US,2013-06-01,3.2
03XX_E_V_US,2013-07-01,3.1
03XX_E_V_US,2013-08-01,3.1
03XX_E_V_US,2013-09-01,3.0
03XX_E_V_US,2013-10-01,2.9
03XX_E_V_US,2013-11-01,2.9
03XX_E_V_US,2013-12-01,2.9
03XX_E_V_US,2014-01-01,2.9
03XX_E_V_US,2014-02-01,2.8
03XX_E_V_US,2014-03-01,2.8
03XX_E_V_US,2014-04-01,2.7
03XX_E_V_US,2014-05-01,2.7
03XX_E_V_US,2014-06-01,2.7
03XX_E_V_US,2014-07-01,2.6
03XX_E_V_US,2014-08-01,2.5
03XX_E_V_US,2014-09-01,2.5
03XX_E_V_US,2014-10-01,2.4
03XX_E_V_US,2014-11-01,2.3
03XX_E_V_US,2014-12-01,2.3
03XX_E_V_US,2015-01-01,2.3
03XX_E_V_US,2015-02-01,2.3
03XX_E_V_US,2015-03-01,2.3
03XX_P_US,2012-01-01,239.0
03XX_P_US,2012-02-01,226.0
03XX_P_US,2012-03-01,263.0
03XX_P_US,2012-04-01,254.0
03XX_P_US,2012-05-01,254.0
03XX_P_US,2012-06-01,277.0
03XX_P_US,2012-07-01,239.0
03XX_P_US,2012-08-01,266.0
03XX_P_US,2012-09-01,288.0
03XX_P_US,2012-10-01,239.0
03XX_P_US,2012-11-01,258.0
03XX_P_US,2012-12-01,219.0
03XX_P_US,2013-01-01,187.0
03XX_P_US,2013-02-01,185.0
03XX_P_US,2013-03-01,197.0
03XX_P_US,2013-04-01,205.0
03XX_P_US,2013-05-01,194.0
03XX_P_US,2013-06-01,179.0
03XX_P_US,2013-07-01,186.0
03XX_P_US,2013-08-01,178.0
03XX_P_US,2013-09-01,199.0
03XX_P_US,2013-10-01,161.0
03XX_P_US,2013-11-01,180.0
03XX_P_US,2013-12-01,161.0
03XX_P_US,2014-01-01,120.0
03XX_P_US,2014-02-01,127.0
03XX_P_US,2014-03-01,127.0
03XX_P_US,2014-04-01,138.0
03XX_P_US,2014-05-01,165.0
03XX_P_US,2014-06-01,177.0
03XX_P_US,2014-07-01,155.0
03XX_P_US,2014-08-01,178.0
03XX_P_US,2014-09-01,216.0
03XX_P_US,2014-10-01,191.0
03XX_P_US,2014-11-01,189.0
03XX_P_US,2014-12-01,168.0
03XX_P_US,2015-01-01,129.0
03XX_P_US,2015-02-01,150.0
03XX_P_US,2015-03-01,163.0
03XX_T_US,2012-01-01,3207.0
03XX_T_US,2012-02-01,3270.0
03XX_T_US,2012-03-01,3588.0
03XX_T_US,2012-04-01,3919.0
03XX_T_US,2012-05-01,4033.0
03XX_T_US,2012-06-01,4223.0
03XX_T_US,2012-07-01,4232.0
03XX_T_US,2012-08-01,4345.0
03XX_T_US,2012-09-01,4420.0
03XX_T_US,2012-10-01,4418.0
03XX_T_US,2012-11-01,4038.0
03XX_T_US,2012-12-01,3642.0
03XX_T_US,2013-01-01,3543.0
03XX_T_US,2013-02-01,3774.0
03XX_T_US,2013-03-01,3920.0
03XX_T_US,2013-04-01,4210.0
03XX_T_US,2013-05-01,4427.0
03XX_T_US,2013-06-01,4549.0
03XX_T_US,2013-07-01,4726.0
03XX_T_US,2013-08-01,4779.0
03XX_T_US,2013-09-01,4929.0
03XX_T_US,2013-10-01,5020.0
03XX_T_US,2013-11-01,4845.0
03XX_T_US,2013-12-01,4438.0
03XX_T_US,2014-01-01,3894.0
03XX_T_US,2014-02-01,4155.0
03XX_T_US,2014-03-01,4492.0
03XX_T_US,2014-04-01,4857.0
03XX_T_US,2014-05-01,5148.0
03XX_T_US,2014-06-01,5433.0
03XX_T_US,2014-07-01,5542.0
03XX_T_US,2014-08-01,5855.0
03XX_T_US,2014-09-01,6164.0
03XX_T_US,2014-10-01,6244.0
03XX_T_US,2014-11-01,5740.0
03XX_T_US,2014-12-01,5319.0
03XX_T_US,2015-01-01,4648.0
03XX_T_US,2015-02-01,4529.0
03XX_T_US,2015-03-01,4983.0
03XX_V_US,2012-01-01,2968.0
03XX_V_US,2012-02-01,3044.0
03XX_V_US,2012-03-01,3325.0
03XX_V_US,2012-04-01,3664.0
03XX_V_US,2012-05-01,3779.0
03XX_V_US,2012-06-01,3946.0
03XX_V_US,2012-07-01,3993.0
03XX_V_US,2012-08-01,4079.0
03XX_V_US,2012-09-01,4133.0
03XX_V_US,2012-10-01,4178.0
03XX_V_US,2012-11-01,3781.0
03XX_V_US,2012-12-01,3423.0
03XX_V_US,2013-01-01,3355.0
03XX_V_US,2013-02-01,3589.0
03XX_V_US,2013-03-01,3722.0
03XX_V_US,2013-04-01,4005.0
03XX_V_US,2013-05-01,4233.0
03XX_V_US,2013-06-01,4370.0
03XX_V_US,2013-07-01,4539.0
03XX_V_US,2013-08-01,4601.0
03XX_V_US,2013-09-01,4730.0
03XX_V_US,2013-10-01,4859.0
03XX_V_US,2013-11-01,4665.0
03XX_V_US,2013-12-01,4277.0
03XX_V_US,2014-01-01,3774.0
03XX_V_US,2014-02-01,4028.0
03XX_V_US,2014-03-01,4364.0
03XX_V_US,2014-04-01,4719.0
03XX_V_US,2014-05-01,4983.0
03XX_V_US,2014-06-01,5256.0
03XX_V_US,2014-07-01,5387.0
03XX_V_US,2014-08-01,5677.0
03XX_V_US,2014-09-01,5948.0
03XX_V_US,2014-10-01,6053.0
03XX_V_US,2014-11-01,5551.0
03XX_V_US,2014-12-01,5151.0
03XX_V_US,2015-01-01,4519.0
03XX_V_US,2015-02-01,4379.0
03XX_V_US,2015-03-01,4820.0
04XX_E_MPCP_US,2012-01-01,3.5
04XX_E_MPCP_US,2012-02-01,3.4
04XX_E_MPCP_US,2012-03-01,2.6
04XX_E_MPCP_US,2012-04-01,2.5
04XX_E_MPCP_US,2012-05-01,1.8
04XX_E_MPCP_US,2012-06-01,1.4
04XX_E_MPCP_US,2012-07-01,1.7
04XX_E_MPCP_US,2012-08-01,1.6
04XX_E_MPCP_US,2012-09-01,1.7
04XX_E_MPCP_US,2012-10-01,1.7
04XX_E_MPCP_US,2012-11-01,1.6
04XX_E_MPCP_US,2012-12-01,2.9
04XX_E_MPCP_US,2013-01-01,2.3
04XX_E_MPCP_US,2013-02-01,1.6
04XX_E_MPCP_US,2013-03-01,2.6
04XX_E_MPCP_US,2013-04-01,1.6
04XX_E_MPCP_US,2013-05-01,1.8
04XX_E_MPCP_US,2013-06-01,3.1
04XX_E_MPCP_US,2013-07-01,2.4
04XX_E_MPCP_US,2013-08-01,2.2
04XX_E_MPCP_US,2013-09-01,1.9
04XX_E_MPCP_US,2013-10-01,1.7
04XX_E_MPCP_US,2013-11-01,1.5
04XX_E_MPCP_US,2013-12-01,1.6
04XX_E_MPCP_US,2014-01-01,2.2
04XX_E_MPCP_US,2014-02-01,2.0
04XX_E_MPCP_US,2014-03-01,1.6
04XX_E_MPCP_US,2014-04-01,2.5
04XX_E_MPCP_US,2014-05-01,2.2
04XX_E_MPCP_US,2014-06-01,1.8
04XX_E_MPCP_US,2014-07-01,1.7
04XX_E_MPCP_US,2014-08-01,3.6
04XX_E_MPCP_US,2014-09-01,2.1
04XX_E_MPCP_US,2014-10-01,1.6
04XX_E_MPCP_US,2014-11-01,1.6
04XX_E_MPCP_US,2014-12-01,1.9
04XX_E_MPCP_US,2015-01-01,1.7
04XX_E_MPCP_US,2015-02-01,1.7
04XX_E_MPCP_US,2015-03-01,1.8
04XX_E_MPCT_US,2012-01-01,1.4
04XX_E_MPCT_US,2012-02-01,1.4
04XX_E_MPCT_US,2012-03-01,1.4
04XX_E_MPCT_US,2012-04-01,1.3
04XX_E_MPCT_US,2012-05-01,1.3
04XX_E_MPCT_US,2012-06-01,1.5
04XX_E_MPCT_US,2012-07-01,1.1
04XX_E_MPCT_US,2012-08-01,1.1
04XX_E_MPCT_US,2012-09-01,1.6
04XX_E_MPCT_US,2012-10-01,1.8
04XX_E_MPCT_US,2012-11-01,1.1
04XX_E_MPCT_US,2012-12-01,1.3
04XX_E_MPCT_US,2013-01-01,1.5
04XX_E_MPCT_US,2013-02-01,1.0
04XX_E_MPCT_US,2013-03-01,1.9
04XX_E_MPCT_US,2013-04-01,1.5
04XX_E_MPCT_US,2013-05-01,1.3
04XX_E_MPCT_US,2013-06-01,1.5
04XX_E_MPCT_US,2013-07-01,1.4
04XX_E_MPCT_US,2013-08-01,1.1
04XX_E_MPCT_US,2013-09-01,1.0
04XX_E_MPCT_US,2013-10-01,0.9
04XX_E_MPCT_US,2013-11-01,1.4
04XX_E_MPCT_US,2013-12-01,1.2
04XX_E_MPCT_US,2014-01-01,1.4
04XX_E_MPCT_US,2014-02-01,1.5
04XX_E_MPCT_US,2014-03-01,1.1
04XX_E_MPCT_US,2014-04-01,1.5
04XX_E_MPCT_US,2014-05-01,1.5
04XX_E_MPCT_US,2014-06-01,1.2
04XX_E_MPCT_US,2014-07-01,1.2
04XX_E_MPCT_US,2014-08-01,1.6
04XX_E_MPCT_US,2014-09-01,1.7
04XX_E_MPCT_US,2014-10-01,1.1
04XX_E_MPCT_US,2014-11-01,1.4
04XX_E_MPCT_US,2014-12-01,1.1
04XX_E_MPCT_US,2015-01-01,1.0
04XX_E_MPCT_US,2015-02-01,0.9
04XX_E_MPCT_US,2015-03-01,1.2
04XX_E_MPCV_US,2012-01-01,1.3
04XX_E_MPCV_US,2012-02-01,1.4
04XX_E_MPCV_US,2012-03-01,1.7
04XX_E_MPCV_US,2012-04-01,1.5
04XX_E_MPCV_US,2012-05-01,1.6
04XX_E_MPCV_US,2012-06-01,2.1
04XX_E_MPCV_US,2012-07-01,1.3
04XX_E_MPCV_US,2012-08-01,1.4
04XX_E_MPCV_US,2012-09-01,2.1
04XX_E_MPCV_US,2012-10-01,2.3
04XX_E_MPCV_US,2012-11-01,1.5
04XX_E_MPCV_US,2012-12-01,1.4
04XX_E_MPCV_US,2013-01-01,1.8
04XX_E_MPCV_US,2013-02-01,1.2
04XX_E_MPCV_US,2013-03-01,2.4
04XX_E_MPCV_US,2013-04-01,1.9
04XX_E_MPCV_US,2013-05-01,1.6
04XX_E_MPCV_US,2013-06-01,1.7
04XX_E_MPCV_US,2013-07-01,1.6
04XX_E_MPCV_US,2013-08-01,1.2
04XX_E_MPCV_US,2013-09-01,1.1
04XX_E_MPCV_US,2013-10-01,1.0
04XX_E_MPCV_US,2013-11-01,1.8
04XX_E_MPCV_US,2013-12-01,1.5
04XX_E_MPCV_US,2014-01-01,1.6
04XX_E_MPCV_US,2014-02-01,1.9
04XX_E_MPCV_US,2014-03-01,1.5
04XX_E_MPCV_US,2014-04-01,1.8
04XX_E_MPCV_US,2014-05-01,1.8
04XX_E_MPCV_US,2014-06-01,1.5
04XX_E_MPCV_US,2014-07-01,1.6
04XX_E_MPCV_US,2014-08-01,1.8
04XX_E_MPCV_US,2014-09-01,2.1
04XX_E_MPCV_US,2014-10-01,1.3
04XX_E_MPCV_US,2014-11-01,1.7
04XX_E_MPCV_US,2014-12-01,1.4
04XX_E_MPCV_US,2015-01-01,1.2
04XX_E_MPCV_US,2015-02-01,1.1
04XX_E_MPCV_US,2015-03-01,1.5
04XX_E_P_US,2012-01-01,3.0
04XX_E_P_US,2012-02-01,3.0
04XX_E_P_US,2012-03-01,2.9
04XX_E_P_US,2012-04-01,2.5
04XX_E_P_US,2012-05-01,2.4
04XX_E_P_US,2012-06-01,2.4
04XX_E_P_US,2012-07-01,2.4
04XX_E_P_US,2012-08-01,2.5
04XX_E_P_US,2012-09-01,2.5
04XX_E_P_US,2012-10-01,2.5
04XX_E_P_US,2012-11-01,2.4
04XX_E_P_US,2012-12-01,2.6
04XX_E_P_US,2013-01-01,2.4
04XX_E_P_US,2013-02-01,2.4
04XX_E_P_US,2013-03-01,2.4
04XX_E_P_US,2013-04-01,2.6
04XX_E_P_US,2013-05-01,2.6
04XX_E_P_US,2013-06-01,2.7
04XX_E_P_US,2013-07-01,2.7
04XX_E_P_US,2013-08-01,2.7
04XX_E_P_US,2013-09-01,2.7
04XX_E_P_US,2013-10-01,2.8
04XX_E_P_US,2013-11-01,2.8
04XX_E_P_US,2013-12-01,2.8
04XX_E_P_US,2014-01-01,2.9
04XX_E_P_US,2014-02-01,2.9
04XX_E_P_US,2014-03-01,3.0
04XX_E_P_US,2014-04-01,3.0
04XX_E_P_US,2014-05-01,3.0
04XX_E_P_US,2014-06-01,2.8
04XX_E_P_US,2014-07-01,2.8
04XX_E_P_US,2014-08-01,2.9
04XX_E_P_US,2014-09-01,2.9
04XX_E_P_US,2014-10-01,2.8
04XX_E_P_US,2014-11-01,2.8
04XX_E_P_US,2014-12-01,2.8
04XX_E_P_US,2015-01-01,2.7
04XX_E_P_US,2015-02-01,2.7
04XX_E_P_US,2015-03-01,2.6
04XX_E_T_US,2012-01-01,2.0
04XX_E_T_US,2012-02-01,1.9
04XX_E_T_US,2012-03-01,1.9
04XX_E_T_US,2012-04-01,1.8
04XX_E_T_US,2012-05-01,1.9
04XX_E_T_US,2012-06-01,1.9
04XX_E_T_US,2012-07-01,1.9
04XX_E_T_US,2012-08-01,2.0
04XX_E_T_US,2012-09-01,2.0
04XX_E_T_US,2012-10-01,2.0
04XX_E_T_US,2012-11-01,2.0
04XX_E_T_US,2012-12-01,2.1
04XX_E_T_US,2013-01-01,2.1
04XX_E_T_US,2013-02-01,2.1
04XX_E_T_US,2013-03-01,2.1
04XX_E_T_US,2013-04-01,2.1
04XX_E_T_US,2013-05-01,2.1
04XX_E_T_US,2013-06-01,2.1
04XX_E_T_US,2013-07-01,2.1
04XX_E_T_US,2013-08-01,2.1
04XX_E_T_US,2013-09-01,2.0
04XX_E_T_US,2013-10-01,2.0
04XX_E_T_US,2013-11-01,2.1
04XX_E_T_US,2013-12-01,2.0
04XX_E_T_US,2014-01-01,2.1
04XX_E_T_US,2014-02-01,2.1
04XX_E_T_US,2014-03-01,2.1
04XX_E_T_US,2014-04-01,2.1
04XX_E_T_US,2014-05-01,2.1
04XX_E_T_US,2014-06-01,2.1
04XX_E_T_US,2014-07-01,2.1
04XX_E_T_US,2014-08-01,2.1
04XX_E_T_US,2014-09-01,2.1
04XX_E_T_US,2014-10-01,2.1
04XX_E_T_US,2014-11-01,2.1
04XX_E_T_US,2014-12-01,2.0
04XX_E_T_US,2015-01-01,2.0
04XX_E_T_US,2015-02-01,2.0
04XX_E_T_US,2015-03-01,2.0
04XX_E_V_US,2012-01-01,2.5
04XX_E_V_US,2012-02-01,2.5
04XX_E_V_US,2012-03-01,2.5
04XX_E_V_US,2012-04-01,2.4
04XX_E_V_US,2012-05-01,2.4
04XX_E_V_US,2012-06-01,2.5
04XX_E_V_US,2012-07-01,2.5
04XX_E_V_US,2012-08-01,2.6
04XX_E_V_US,2012-09-01,2.6
04XX_E_V_US,2012-10-01,2.6
04XX_E_V_US,2012-11-01,2.7
04XX_E_V_US,2012-12-01,2.8
04XX_E_V_US,2013-01-01,2.8
04XX_E_V_US,2013-02-01,2.8
04XX_E_V_US,2013-03-01,2.8
04XX_E_V_US,2013-04-01,2.8
04XX_E_V_US,2013-05-01,2.8
04XX_E_V_US,2013-06-01,2.7
04XX_E_V_US,2013-07-01,2.8
04XX_E_V_US,2013-08-01,2.7
04XX_E_V_US,2013-09-01,2.6
04XX_E_V_US,2013-10-01,2.7
04XX_E_V_US,2013-11-01,2.7
04XX_E_V_US,2013-12-01,2.6
04XX_E_V_US,2014-01-01,2.6
04XX_E_V_US,2014-02-01,2.6
04XX_E_V_US,2014-03-01,2.6
04XX_E_V_US,2014-04-01,2.6
04XX_E_V_US,2014-05-01,2.6
04XX_E_V_US,2014-06-01,2.6
04XX_E_V_US,2014-07-01,2.6
04XX_E_V_US,2014-08-01,2.7
04XX_E_V_US,2014-09-01,2.7
04XX_E_V_US,2014-10-01,2.7
04XX_E_V_US,2014-11-01,2.6
04XX_E_V_US,2014-12-01,2.6
04XX_E_V_US,2015-01-01,2.5
04XX_E_V_US,2015-02-01,2.5
04XX_E_V_US,2015-03-01,2.5
04XX_P_US,2012-01-01,860.0
04XX_P_US,2012-02-01,876.0
04XX_P_US,2012-03-01,931.0
04XX_P_US,2012-04-01,909.0
04XX_P_US,2012-05-01,950.0
04XX_P_US,2012-06-01,922.0
04XX_P_US,2012-07-01,922.0
04XX_P_US,2012-08-01,939.0
04XX_P_US,2012-09-01,1002.0
04XX_P_US,2012-10-01,945.0
04XX_P_US,2012-11-01,920.0
04XX_P_US,2012-12-01,940.0
04XX_P_US,2013-01-01,843.0
04XX_P_US,2013-02-01,831.0
04XX_P_US,2013-03-01,866.0
04XX_P_US,2013-04-01,918.0
04XX_P_US,2013-05-01,938.0
04XX_P_US,2013-06-01,1001.0
04XX_P_US,2013-07-01,967.0
04XX_P_US,2013-08-01,980.0
04XX_P_US,2013-09-01,1036.0
04XX_P_US,2013-10-01,910.0
04XX_P_US,2013-11-01,871.0
04XX_P_US,2013-12-01,833.0
04XX_P_US,2014-01-01,801.0
04XX_P_US,2014-02-01,813.0
04XX_P_US,2014-03-01,773.0
04XX_P_US,2014-04-01,830.0
04XX_P_US,2014-05-01,784.0
04XX_P_US,2014-06-01,868.0
04XX_P_US,2014-07-01,853.0
04XX_P_US,2014-08-01,818.0
04XX_P_US,2014-09-01,869.0
04XX_P_US,2014-10-01,841.0
04XX_P_US,2014-11-01,769.0
04XX_P_US,2014-12-01,744.0
04XX_P_US,2015-01-01,671.0
04XX_P_US,2015-02-01,689.0
04XX_P_US,2015-03-01,731.0
04XX_T_US,2012-01-01,3240.0
04XX_T_US,2012-02-01,3354.0
04XX_T_US,2012-03-01,3455.0
04XX_T_US,2012-04-01,3579.0
04XX_T_US,2012-05-01,3690.0
04XX_T_US,2012-06-01,3711.0
04XX_T_US,2012-07-01,3640.0
04XX_T_US,2012-08-01,3741.0
04XX_T_US,2012-09-01,3657.0
04XX_T_US,2012-10-01,3589.0
04XX_T_US,2012-11-01,3463.0
04XX_T_US,2012-12-01,3426.0
04XX_T_US,2013-01-01,3218.0
04XX_T_US,2013-02-01,3177.0
04XX_T_US,2013-03-01,3222.0
04XX_T_US,2013-04-01,3377.0
04XX_T_US,2013-05-01,3469.0
04XX_T_US,2013-06-01,3453.0
04XX_T_US,2013-07-01,3490.0
04XX_T_US,2013-08-01,3473.0
04XX_T_US,2013-09-01,3605.0
04XX_T_US,2013-10-01,3547.0
04XX_T_US,2013-11-01,3424.0
04XX_T_US,2013-12-01,3234.0
04XX_T_US,2014-01-01,2995.0
04XX_T_US,2014-02-01,3004.0
04XX_T_US,2014-03-01,2987.0
04XX_T_US,2014-04-01,3190.0
04XX_T_US,2014-05-01,3239.0
04XX_T_US,2014-06-01,3272.0
04XX_T_US,2014-07-01,3324.0
04XX_T_US,2014-08-01,3282.0
04XX_T_US,2014-09-01,3400.0
04XX_T_US,2014-10-01,3453.0
04XX_T_US,2014-11-01,3282.0
04XX_T_US,2014-12-01,3219.0
04XX_T_US,2015-01-01,2986.0
04XX_T_US,2015-02-01,2993.0
04XX_T_US,2015-03-01,3147.0
04XX_V_US,2012-01-01,2380.0
04XX_V_US,2012-02-01,2478.0
04XX_V_US,2012-03-01,2524.0
04XX_V_US,2012-04-01,2670.0
04XX_V_US,2012-05-01,2740.0
04XX_V_US,2012-06-01,2790.0
04XX_V_US,2012-07-01,2717.0
04XX_V_US,2012-08-01,2803.0
04XX_V_US,2012-09-01,2655.0
04XX_V_US,2012-10-01,2644.0
04XX_V_US,2012-11-01,2542.0
04XX_V_US,2012-12-01,2486.0
04XX_V_US,2013-01-01,2375.0
04XX_V_US,2013-02-01,2347.0
04XX_V_US,2013-03-01,2357.0
04XX_V_US,2013-04-01,2458.0
04XX_V_US,2013-05-01,2531.0
04XX_V_US,2013-06-01,2452.0
04XX_V_US,2013-07-01,2523.0
04XX_V_US,2013-08-01,2493.0
04XX_V_US,2013-09-01,2570.0
04XX_V_US,2013-10-01,2638.0
04XX_V_US,2013-11-01,2554.0
04XX_V_US,2013-12-01,2401.0
04XX_V_US,2014-01-01,2195.0
04XX_V_US,2014-02-01,2191.0
04XX_V_US,2014-03-01,2213.0
04XX_V_US,2014-04-01,2360.0
04XX_V_US,2014-05-01,2455.0
04XX_V_US,2014-06-01,2404.0
04XX_V_US,2014-07-01,2471.0
04XX_V_US,2014-08-01,2465.0
04XX_V_US,2014-09-01,2532.0
04XX_V_US,2014-10-01,2612.0
04XX_V_US,2014-11-01,2513.0
04XX_V_US,2014-12-01,2475.0
04XX_V_US,2015-01-01,2315.0
04XX_V_US,2015-02-01,2304.0
04XX_V_US,2015-03-01,2416.0
05XX_E_MPCP_US,2012-01-01,2.1
05XX_E_MPCP_US,2012-02-01,2.2
05XX_E_MPCP_US,2012-03-01,2.2
05XX_E_MPCP_US,2012-04-01,3.1
05XX_E_MPCP_US,2012-05-01,2.3
05XX_E_MPCP_US,2012-06-01,2.8
05XX_E_MPCP_US,2012-07-01,2.7
05XX_E_MPCP_US,2012-08-01,3.8
05XX_E_MPCP_US,2012-09-01,2.2
05XX_E_MPCP_US,2012-10-01,3.4
05XX_E_MPCP_US,2012-11-01,2.1
05XX_E_MPCP_US,2012-12-01,3.0
05XX_E_MPCP_US,2013-01-01,2.1
05XX_E_MPCP_US,2013-02-01,2.9
05XX_E_MPCP_US,2013-03-01,3.6
05XX_E_MPCP_US,2013-04-01,2.7
05XX_E_MPCP_US,2013-05-01,2.1
05XX_E_MPCP_US,2013-06-01,7.2
05XX_E_MPCP_US,2013-07-01,4.2
05XX_E_MPCP_US,2013-08-01,3.6
05XX_E_MPCP_US,2013-09-01,3.3
05XX_E_MPCP_US,2013-10-01,2.5
05XX_E_MPCP_US,2013-11-01,3.0
05XX_E_MPCP_US,2013-12-01,1.9
05XX_E_MPCP_US,2014-01-01,3.9
05XX_E_MPCP_US,2014-02-01,3.0
05XX_E_MPCP_US,2014-03-01,2.1
05XX_E_MPCP_US,2014-04-01,2.7
05XX_E_MPCP_US,2014-05-01,3.1
05XX_E_MPCP_US,2014-06-01,3.4
05XX_E_MPCP_US,2014-07-01,3.0
05XX_E_MPCP_US,2014-08-01,2.7
05XX_E_MPCP_US,2014-09-01,3.2
05XX_E_MPCP_US,2014-10-01,2.3
05XX_E_MPCP_US,2014-11-01,1.9
05XX_E_MPCP_US,2014-12-01,2.1
05XX_E_MPCP_US,2015-01-01,2.5
05XX_E_MPCP_US,2015-02-01,1.9
05XX_E_MPCP_US,2015-03-01,2.4
05XX_E_MPCT_US,2012-01-01,1.8
05XX_E_MPCT_US,2012-02-01,1.9
05XX_E_MPCT_US,2012-03-01,1.8
05XX_E_MPCT_US,2012-04-01,2.5
05XX_E_MPCT_US,2012-05-01,1.9
05XX_E_MPCT_US,2012-06-01,2.3
05XX_E_MPCT_US,2012-07-01,2.3
05XX_E_MPCT_US,2012-08-01,3.2
05XX_E_MPCT_US,2012-09-01,2.0
05XX_E_MPCT_US,2012-10-01,2.9
05XX_E_MPCT_US,2012-11-01,1.8
05XX_E_MPCT_US,2012-12-01,2.5
05XX_E_MPCT_US,2013-01-01,1.7
05XX_E_MPCT_US,2013-02-01,2.4
05XX_E_MPCT_US,2013-03-01,2.9
05XX_E_MPCT_US,2013-04-01,2.2
05XX_E_MPCT_US,2013-05-01,1.8
05XX_E_MPCT_US,2013-06-01,5.5
05XX_E_MPCT_US,2013-07-01,3.4
05XX_E_MPCT_US,2013-08-01,3.0
05XX_E_MPCT_US,2013-09-01,2.8
05XX_E_MPCT_US,2013-10-01,2.1
05XX_E_MPCT_US,2013-11-01,2.5
05XX_E_MPCT_US,2013-12-01,1.6
05XX_E_MPCT_US,2014-01-01,3.1
05XX_E_MPCT_US,2014-02-01,2.4
05XX_E_MPCT_US,2014-03-01,1.8
05XX_E_MPCT_US,2014-04-01,2.2
05XX_E_MPCT_US,2014-05-01,2.5
05XX_E_MPCT_US,2014-06-01,2.7
05XX_E_MPCT_US,2014-07-01,2.5
05XX_E_MPCT_US,2014-08-01,2.3
05XX_E_MPCT_US,2014-09-01,2.7
05XX_E_MPCT_US,2014-10-01,2.0
05XX_E_MPCT_US,2014-11-01,1.6
05XX_E_MPCT_US,2014-12-01,1.7
05XX_E_MPCT_US,2015-01-01,2.0
05XX_E_MPCT_US,2015-02-01,1.6
05XX_E_MPCT_US,2015-03-01,2.0
05XX_E_MPCV_US,2012-01-01,2.0
05XX_E_MPCV_US,2012-02-01,1.6
05XX_E_MPCV_US,2012-03-01,1.9
05XX_E_MPCV_US,2012-04-01,2.0
05XX_E_MPCV_US,2012-05-01,2.2
05XX_E_MPCV_US,2012-06-01,2.2
05XX_E_MPCV_US,2012-07-01,2.7
05XX_E_MPCV_US,2012-08-01,2.4
05XX_E_MPCV_US,2012-09-01,3.1
05XX_E_MPCV_US,2012-10-01,2.6
05XX_E_MPCV_US,2012-11-01,2.0
05XX_E_MPCV_US,2012-12-01,2.1
05XX_E_MPCV_US,2013-01-01,2.0
05XX_E_MPCV_US,2013-02-01,2.7
05XX_E_MPCV_US,2013-03-01,2.0
05XX_E_MPCV_US,2013-04-01,2.0
05XX_E_MPCV_US,2013-05-01,2.1
05XX_E_MPCV_US,2013-06-01,2.5
05XX_E_MPCV_US,2013-07-01,3.4
05XX_E_MPCV_US,2013-08-01,2.2
05XX_E_MPCV_US,2013-09-01,2.4
05XX_E_MPCV_US,2013-10-01,2.9
05XX_E_MPCV_US,2013-11-01,2.3
05XX_E_MPCV_US,2013-12-01,1.9
05XX_E_MPCV_US,2014-01-01,2.1
05XX_E_MPCV_US,2014-02-01,1.9
05XX_E_MPCV_US,2014-03-01,2.3
05XX_E_MPCV_US,2014-04-01,2.0
05XX_E_MPCV_US,2014-05-01,2.4
05XX_E_MPCV_US,2014-06-01,2.7
05XX_E_MPCV_US,2014-07-01,2.5
05XX_E_MPCV_US,2014-08-01,2.9
05XX_E_MPCV_US,2014-09-01,3.0
05XX_E_MPCV_US,2014-10-01,2.2
05XX_E_MPCV_US,2014-11-01,1.8
05XX_E_MPCV_US,2014-12-01,2.0
05XX_E_MPCV_US,2015-01-01,1.6
05XX_E_MPCV_US,2015-02-01,1.6
05XX_E_MPCV_US,2015-03-01,1.4
05XX_E_P_US,2012-01-01,2.6
05XX_E_P_US,2012-02-01,2.6
05XX_E_P_US,2012-03-01,2.6
05XX_E_P_US,2012-04-01,2.6
05XX_E_P_US,2012-05-01,2.5
05XX_E_P_US,2012-06-01,2.6
05XX_E_P_US,2012-07-01,2.5
05XX_E_P_US,2012-08-01,2.6
05XX_E_P_US,2012-09-01,2.7
05XX_E_P_US,2012-10-01,2.6
05XX_E_P_US,2012-11-01,2.7
05XX_E_P_US,2012-12-01,2.7
05XX_E_P_US,2013-01-01,2.7
05XX_E_P_US,2013-02-01,2.8
05XX_E_P_US,2013-03-01,2.8
05XX_E_P_US,2013-04-01,2.8
05XX_E_P_US,2013-05-01,2.8
05XX_E_P_US,2013-06-01,3.1
05XX_E_P_US,2013-07-01,3.2
05XX_E_P_US,2013-08-01,3.2
05XX_E_P_US,2013-09-01,3.1
05XX_E_P_US,2013-10-01,3.1
05XX_E_P_US,2013-11-01,3.1
05XX_E_P_US,2013-12-01,3.1
05XX_E_P_US,2014-01-01,3.2
05XX_E_P_US,2014-02-01,3.1
05XX_E_P_US,2014-03-01,3.1
05XX_E_P_US,2014-04-01,3.2
05XX_E_P_US,2014-05-01,3.3
05XX_E_P_US,2014-06-01,3.0
05XX_E_P_US,2014-07-01,3.0
05XX_E_P_US,2014-08-01,2.9
05XX_E_P_US,2014-09-01,3.0
05XX_E_P_US,2014-10-01,3.0
05XX_E_P_US,2014-11-01,2.9
05XX_E_P_US,2014-12-01,3.0
05XX_E_P_US,2015-01-01,2.9
05XX_E_P_US,2015-02-01,2.9
05XX_E_P_US,2015-03-01,2.8
05XX_E_T_US,2012-01-01,2.3
05XX_E_T_US,2012-02-01,2.3
05XX_E_T_US,2012-03-01,2.3
05XX_E_T_US,2012-04-01,2.3
05XX_E_T_US,2012-05-01,2.2
05XX_E_T_US,2012-06-01,2.2
05XX_E_T_US,2012-07-01,2.2
05XX_E_T_US,2012-08-01,2.3
05XX_E_T_US,2012-09-01,2.3
05XX_E_T_US,2012-10-01,2.3
05XX_E_T_US,2012-11-01,2.3
05XX_E_T_US,2012-12-01,2.3
05XX_E_T_US,2013-01-01,2.3
05XX_E_T_US,2013-02-01,2.3
05XX_E_T_US,2013-03-01,2.3
05XX_E_T_US,2013-04-01,2.3
05XX_E_T_US,2013-05-01,2.3
05XX_E_T_US,2013-06-01,2.6
05XX_E_T_US,2013-07-01,2.7
05XX_E_T_US,2013-08-01,2.7
05XX_E_T_US,2013-09-01,2.6
05XX_E_T_US,2013-10-01,2.6
05XX_E_T_US,2013-11-01,2.6
05XX_E_T_US,2013-12-01,2.6
05XX_E_T_US,2014-01-01,2.7
05XX_E_T_US,2014-02-01,2.6
05XX_E_T_US,2014-03-01,2.6
05XX_E_T_US,2014-04-01,2.7
05XX_E_T_US,2014-05-01,2.7
05XX_E_T_US,2014-06-01,2.5
05XX_E_T_US,2014-07-01,2.5
05XX_E_T_US,2014-08-01,2.5
05XX_E_T_US,2014-09-01,2.5
05XX_E_T_US,2014-10-01,2.5
05XX_E_T_US,2014-11-01,2.5
05XX_E_T_US,2014-12-01,2.5
05XX_E_T_US,2015-01-01,2.4
05XX_E_T_US,2015-02-01,2.4
05XX_E_T_US,2015-03-01,2.3
05XX_E_V_US,2012-01-01,3.6
05XX_E_V_US,2012-02-01,3.5
05XX_E_V_US,2012-03-01,3.5
05XX_E_V_US,2012-04-01,3.4
05XX_E_V_US,2012-05-01,3.3
05XX_E_V_US,2012-06-01,3.3
05XX_E_V_US,2012-07-01,3.3
05XX_E_V_US,2012-08-01,3.3
05XX_E_V_US,2012-09-01,3.3
05XX_E_V_US,2012-10-01,3.3
05XX_E_V_US,2012-11-01,3.3
05XX_E_V_US,2012-12-01,3.3
05XX_E_V_US,2013-01-01,3.3
05XX_E_V_US,2013-02-01,3.3
05XX_E_V_US,2013-03-01,3.4
05XX_E_V_US,2013-04-01,3.4
05XX_E_V_US,2013-05-01,3.5
05XX_E_V_US,2013-06-01,3.5
05XX_E_V_US,2013-07-01,3.6
05XX_E_V_US,2013-08-01,3.5
05XX_E_V_US,2013-09-01,3.5
05XX_E_V_US,2013-10-01,3.5
05XX_E_V_US,2013-11-01,3.4
05XX_E_V_US,2013-12-01,3.5
05XX_E_V_US,2014-01-01,3.5
05XX_E_V_US,2014-02-01,3.4
05XX_E_V_US,2014-03-01,3.4
05XX_E_V_US,2014-04-01,3.4
05XX_E_V_US,2014-05-01,3.3
05XX_E_V_US,2014-06-01,3.2
05XX_E_V_US,2014-07-01,3.2
05XX_E_V_US,2014-08-01,3.3
05XX_E_V_US,2014-09-01,3.3
05XX_E_V_US,2014-10-01,3.3
05XX_E_V_US,2014-11-01,3.3
05XX_E_V_US,2014-12-01,3.2
05XX_E_V_US,2015-01-01,3.2
05XX_E_V_US,2015-02-01,3.2
05XX_E_V_US,2015-03-01,3.1
05XX_P_US,2012-01-01,4815.0
05XX_P_US,2012-02-01,4752.0
05XX_P_US,2012-03-01,5015.0
05XX_P_US,2012-04-01,5181.0
05XX_P_US,2012-05-01,5551.0
05XX_P_US,2012-06-01,6878.0
05XX_P_US,2012-07-01,7364.0
05XX_P_US,2012-08-01,7215.0
05XX_P_US,2012-09-01,6149.0
05XX_P_US,2012-10-01,5504.0
05XX_P_US,2012-11-01,5056.0
05XX_P_US,2012-12-01,4569.0
05XX_P_US,2013-01-01,4266.0
05XX_P_US,2013-02-01,4310.0
05XX_P_US,2013-03-01,4355.0
05XX_P_US,2013-04-01,4670.0
05XX_P_US,2013-05-01,5098.0
05XX_P_US,2013-06-01,6214.0
05XX_P_US,2013-07-01,6744.0
05XX_P_US,2013-08-01,6664.0
05XX_P_US,2013-09-01,5640.0
05XX_P_US,2013-10-01,5185.0
05XX_P_US,2013-11-01,4792.0
05XX_P_US,2013-12-01,4203.0
05XX_P_US,2014-01-01,4045.0
05XX_P_US,2014-02-01,4032.0
05XX_P_US,2014-03-01,4269.0
05XX_P_US,2014-04-01,4887.0
05XX_P_US,2014-05-01,5311.0
05XX_P_US,2014-06-01,6492.0
05XX_P_US,2014-07-01,6790.0
05XX_P_US,2014-08-01,6872.0
05XX_P_US,2014-09-01,5766.0
05XX_P_US,2014-10-01,5368.0
05XX_P_US,2014-11-01,4779.0
05XX_P_US,2014-12-01,4488.0
05XX_P_US,2015-01-01,4128.0
05XX_P_US,2015-02-01,4182.0
05XX_P_US,2015-03-01,4560.0
05XX_T_US,2012-01-01,5977.0
05XX_T_US,2012-02-01,5959.0
05XX_T_US,2012-03-01,6321.0
05XX_T_US,2012-04-01,6544.0
05XX_T_US,2012-05-01,7044.0
05XX_T_US,2012-06-01,8447.0
05XX_T_US,2012-07-01,8964.0
05XX_T_US,2012-08-01,8792.0
05XX_T_US,2012-09-01,7553.0
05XX_T_US,2012-10-01,6879.0
05XX_T_US,2012-11-01,6331.0
05XX_T_US,2012-12-01,5862.0
05XX_T_US,2013-01-01,5486.0
05XX_T_US,2013-02-01,5547.0
05XX_T_US,2013-03-01,5658.0
05XX_T_US,2013-04-01,6062.0
05XX_T_US,2013-05-01,6702.0
05XX_T_US,2013-06-01,7805.0
05XX_T_US,2013-07-01,8363.0
05XX_T_US,2013-08-01,8260.0
05XX_T_US,2013-09-01,7032.0
05XX_T_US,2013-10-01,6615.0
05XX_T_US,2013-11-01,6075.0
05XX_T_US,2013-12-01,5454.0
05XX_T_US,2014-01-01,5223.0
05XX_T_US,2014-02-01,5176.0
05XX_T_US,2014-03-01,5563.0
05XX_T_US,2014-04-01,6326.0
05XX_T_US,2014-05-01,6844.0
05XX_T_US,2014-06-01,8134.0
05XX_T_US,2014-07-01,8353.0
05XX_T_US,2014-08-01,8424.0
05XX_T_US,2014-09-01,7078.0
05XX_T_US,2014-10-01,6744.0
05XX_T_US,2014-11-01,6078.0
05XX_T_US,2014-12-01,5738.0
05XX_T_US,2015-01-01,5306.0
05XX_T_US,2015-02-01,5389.0
05XX_T_US,2015-03-01,5859.0
